<?xml version="1.0" encoding="UTF-8"?>
<!DOCTYPE hibernate-mapping PUBLIC
        "-//Hibernate/Hibernate Mapping DTD 3.0//EN"
        "http://www.hibernate.org/dtd/hibernate-mapping-3.0.dtd">
        
        <hibernate-mapping package="pojo">

    <class name="Admin" table="t_admin">
        <id name="id" column="id">
            <!-- <generator class="assigned"/> -->
            <generator class="identity"/>
        </id>
         <property name="username"/>
        <property name="password" />
        <property name="typeid" />
        <property name="regist_time"  />
    </class>

</hibernate-mapping>